sample	actual_stage	timestamp	actual_elapsed_s	pid	glibc_heap_pd_kb	other_anon_pd_kb	file_backed_pd_kb	minflt	majflt	MemAvailable_kb	zram_used_kb
0	P0	2026-08-14T01:55:48,028254644-0700	0.037285	3953	3464	4300	2656	415778	167	780220	92940
1	P0	2026-08-14T01:55:49,013308811-0700	1.019632	3953	3464	4300	2656	415778	167	779864	92940
2	P0	2026-08-14T01:55:50,013050811-0700	2.021717	3953	3464	4300	2656	415778	167	779220	92940
3	P0	2026-08-14T01:55:51,014255644-0700	3.022689	3953	3464	4300	2656	415778	167	781884	92940
4	P0	2026-08-14T01:55:52,014439143-0700	4.023238	3953	3464	4300	2656	415778	167	780768	92940
5	P0	2026-08-14T01:55:53,012769476-0700	5.022761	3953	3464	4300	2656	415778	167	780456	92940
6	P0	2026-08-14T01:55:54,017928726-0700	6.023722	3953	3464	4300	2656	415778	167	781476	92940
7	P0	2026-08-14T01:55:55,025293309-0700	7.034140	3953	3464	4300	2656	415778	167	780472	92940
8	P0	2026-08-14T01:55:56,009228809-0700	8.018514	3953	3464	4300	2656	415778	167	779900	92940
9	P0	2026-08-14T01:55:57,010309642-0700	9.020477	3953	3464	4300	2656	415778	167	779288	92940
10	P0	2026-08-14T01:55:58,017861059-0700	10.024693	3953	3464	4300	2656	415778	167	779952	92940
11	P0	2026-08-14T01:55:59,010136058-0700	11.020305	3953	3464	4300	2656	415778	167	779680	92940
12	P0	2026-08-14T01:56:00,008978725-0700	12.016082	3953	3464	4300	2656	415778	167	780292	92940
13	P0	2026-08-14T01:56:01,017219725-0700	13.020962	3953	3464	4300	2656	415778	167	779916	92940
14	P0	2026-08-14T01:56:02,010532558-0700	14.019713	3953	3464	4300	2656	415778	167	780540	92940
15	P0	2026-08-14T01:56:03,021638557-0700	15.023133	3953	3464	4300	2656	415778	167	779852	92940
16	P0	2026-08-14T01:56:04,013141141-0700	16.023561	3953	3464	4300	2656	415778	167	780328	92940
17	P0	2026-08-14T01:56:05,022426890-0700	17.027645	3953	3464	4300	2656	415778	167	780192	92940
18	P0	2026-08-14T01:56:06,026625223-0700	18.031746	3953	3464	4300	2656	415778	167	780088	92940
19	P0	2026-08-14T01:56:07,008269806-0700	19.019210	3953	3464	4300	2656	415778	167	780600	92940
20	P0	2026-08-14T01:56:08,013287973-0700	20.021476	3953	3464	4300	2656	415778	167	779728	92940
21	P0	2026-08-14T01:56:09,011380973-0700	21.021600	3953	3464	4300	2656	415778	167	779700	92940
22	P0	2026-08-14T01:56:10,016483472-0700	22.023745	3953	3464	4300	2656	415778	167	779244	92940
23	P0	2026-08-14T01:56:11,019482222-0700	23.020903	3953	3464	4300	2656	415778	167	779376	92940
24	P0	2026-08-14T01:56:12,015184139-0700	24.024715	3953	3464	4300	2656	415778	167	779936	92940
25	P0	2026-08-14T01:56:13,009503305-0700	25.020120	3953	3464	4300	2656	415778	167	779448	92940
26	P0	2026-08-14T01:56:14,012279555-0700	26.020616	3953	3464	4300	2656	415778	167	779864	92940
27	P0	2026-08-14T01:56:15,013886555-0700	27.022376	3953	3464	4300	2656	415778	167	779448	92940
28	P0	2026-08-14T01:56:16,009965054-0700	28.020950	3953	3464	4300	2656	415778	167	779924	92940
29	P0	2026-08-14T01:56:17,013892387-0700	29.020020	3953	3464	4300	2656	415778	167	779996	92940
30	P0	2026-08-14T01:56:18,015623887-0700	30.020380	3953	3464	4300	2656	415778	167	779312	92940
31	P0	2026-08-14T01:56:19,023957054-0700	31.031771	3953	3464	4300	2656	415778	167	779860	92940
32	P0	2026-08-14T01:56:20,016947720-0700	32.020692	3953	3464	4300	2656	415778	167	779720	92940
33	P0	2026-08-14T01:56:21,012577886-0700	33.020137	3953	3464	4300	2656	415778	167	778932	92940
34	P0	2026-08-14T01:56:22,019766220-0700	34.024011	3953	3464	4300	2656	415778	167	779676	92940
35	P0	2026-08-14T01:56:23,008263303-0700	35.019314	3953	3464	4300	2656	415778	167	779932	92940
36	P0	2026-08-14T01:56:24,018304802-0700	36.024455	3953	3464	4300	2656	415778	167	780980	92940
37	P0	2026-08-14T01:56:25,011239719-0700	37.020704	3953	3464	4300	2656	415778	167	781040	92940
38	P0	2026-08-14T01:56:26,010043385-0700	38.018518	3953	3464	4300	2656	415778	167	780720	92940
39	P0	2026-08-14T01:56:27,014678468-0700	39.022888	3953	3464	4300	2656	415778	167	780172	92940
40	P0	2026-08-14T01:56:28,015527468-0700	40.024334	3953	3464	4300	2656	415778	167	780092	92940
41	P0	2026-08-14T01:56:29,010104801-0700	41.016669	3953	3464	4300	2656	415778	167	779876	92940
42	P0	2026-08-14T01:56:30,009158468-0700	42.016951	3953	3464	4300	2656	415778	167	779272	92940
43	P0	2026-08-14T01:56:31,015247884-0700	43.021802	3953	3464	4300	2656	415778	167	780432	92940
44	P0	2026-08-14T01:56:32,017169301-0700	44.024269	3953	3464	4300	2656	415778	167	780440	92940
45	P0	2026-08-14T01:56:33,010934550-0700	45.021912	3953	3464	4300	2656	415778	167	780028	92940
46	P0	2026-08-14T01:56:34,009696133-0700	46.019107	3953	3464	4300	2656	415778	167	780168	92940
47	P0	2026-08-14T01:56:35,015237883-0700	47.022874	3953	3464	4300	2656	415778	167	779728	92940
48	P0	2026-08-14T01:56:36,010655716-0700	48.021270	3953	3464	4300	2656	415778	167	778904	92940
49	P0	2026-08-14T01:56:37,015127383-0700	49.023094	3953	3464	4300	2656	415778	167	778680	92940
50	P0	2026-08-14T01:56:38,010867216-0700	50.021333	3953	3464	4300	2656	415778	167	779360	92940
51	P0	2026-08-14T01:56:39,008034882-0700	51.018092	3953	3464	4300	2656	415778	167	778496	92940
52	P0	2026-08-14T01:56:40,019998049-0700	52.023933	3953	3464	4300	2656	415778	167	778996	92940
53	P0	2026-08-14T01:56:41,008603632-0700	53.017564	3953	3464	4300	2656	415778	167	779432	92940
54	P0	2026-08-14T01:56:42,010721465-0700	54.017846	3953	3464	4300	2656	415778	167	779452	92940
55	P0	2026-08-14T01:56:43,009613381-0700	55.019662	3953	3464	4300	2656	415778	167	779064	92940
56	P0	2026-08-14T01:56:44,008844964-0700	56.016647	3953	3464	4300	2656	415778	167	780032	92940
57	P0	2026-08-14T01:56:45,010156297-0700	57.020159	3953	3464	4300	2656	415778	167	779292	92940
58	P0	2026-08-14T01:56:46,015488214-0700	58.025654	3953	3464	4300	2656	415778	167	779524	92940
59	P0	2026-08-14T01:56:47,013745130-0700	59.022708	3953	3464	4300	2656	415778	167	779060	92940
60	R1	2026-08-14T01:56:48,017055463-0700	60.027400	3953	3452	4300	2656	415778	167	779292	92940
61	R1	2026-08-14T01:56:49,403182963-0700	61.408124	3953	4336	4364	2656	415817	167	775676	92940
62	R1	2026-08-14T01:56:50,942794296-0700	62.931512	3953	6192	6720	2684	416804	167	773200	92940
63	R1	2026-08-14T01:56:54,334992462-0700	66.240952	3953	13272	6552	2684	426430	167	755688	92940
64	R1	2026-08-14T01:56:59,671004044-0700	71.670518	3953	3512	4460	2656	427309	167	780988	92940
65	R1	2026-08-14T01:57:01,657578710-0700	73.662744	3953	3512	4460	2656	427309	167	781584	92940
66	R1	2026-08-14T01:57:03,581614460-0700	75.567187	3953	3512	4460	2656	427309	167	781932	92940
67	R1	2026-08-14T01:57:05,476086543-0700	77.470534	3953	3512	4460	2656	427309	167	783652	92940
68	R1	2026-08-14T01:57:07,592622625-0700	79.585609	3953	3512	4460	2656	427309	167	783092	92940
69	R1	2026-08-14T01:57:09,782742625-0700	81.776228	3953	3512	4460	2656	427309	167	783280	92940
70	R1	2026-08-14T01:57:10,969866625-0700	82.972008	3953	3512	4460	2656	427309	167	784532	92940
71	R1	2026-08-14T01:57:11,801011208-0700	83.809408	3953	3512	4460	2656	427309	167	783788	92940
72	R1	2026-08-14T01:57:12,607208541-0700	84.616010	3953	3512	4460	2656	427309	167	783768	92940
73	R1	2026-08-14T01:57:14,728115040-0700	86.727826	3953	3480	4440	2656	427309	167	767564	92940
74	R1	2026-08-14T01:57:15,621078540-0700	87.630196	3953	3480	4440	2656	427309	167	765792	92940
75	R1	2026-08-14T01:57:16,411875957-0700	88.418364	3953	3480	4440	2656	427309	167	765600	92940
76	R1	2026-08-14T01:57:17,180074540-0700	89.188246	3953	3480	4440	2656	427309	167	766316	92940
77	R1	2026-08-14T01:57:18,279886706-0700	90.286241	3953	3476	4440	2656	427309	167	788384	92940
78	R1	2026-08-14T01:57:19,362004623-0700	91.365012	3953	3476	4440	2656	427309	167	783824	92940
79	R1	2026-08-14T01:57:20,462707539-0700	92.467595	3953	3476	4440	2656	427309	167	781992	92940
80	R1	2026-08-14T01:57:21,430816205-0700	93.438366	3953	3476	4440	2656	427309	167	780792	92940
81	R1	2026-08-14T01:57:22,353943789-0700	94.363343	3953	3476	4440	2656	427309	167	779960	92940
82	R1	2026-08-14T01:57:23,164968788-0700	95.175997	3953	3476	4440	2656	427309	167	781152	92940
83	R1	2026-08-14T01:57:23,944581955-0700	95.946878	3953	3476	4440	2656	427309	167	781504	92940
84	R1	2026-08-14T01:57:24,728864871-0700	96.737828	3953	3476	4440	2656	427309	167	781856	92940
85	R1	2026-08-14T01:57:25,426895371-0700	97.435598	3953	3476	4440	2656	427309	167	781920	92940
86	R1	2026-08-14T01:57:26,170380788-0700	98.178587	3953	3476	4440	2656	427309	167	782596	92940
87	R1	2026-08-14T01:57:26,864130954-0700	98.871921	3953	3476	4440	2656	427309	167	783160	92940
88	R1	2026-08-14T01:57:27,559760537-0700	99.570037	3953	3476	4440	2656	427309	167	783172	92940
89	R1	2026-08-14T01:57:28,325253620-0700	100.334458	3953	3476	4440	2656	427309	167	782648	92940
90	R1	2026-08-14T01:57:29,045536870-0700	101.056366	3953	3476	4440	2656	427309	167	783488	92940
91	R1	2026-08-14T01:57:29,916291120-0700	101.927279	3953	3476	4440	2656	427309	167	778936	92940
92	R1	2026-08-14T01:57:30,663934537-0700	102.673993	3953	3476	4440	2656	427309	167	779568	92940
93	R1	2026-08-14T01:57:31,379169953-0700	103.390001	3953	3476	4440	2656	427309	167	779520	92940
94	R1	2026-08-14T01:57:32,082689370-0700	104.089885	3953	3476	4440	2656	427309	167	779976	92940
95	R1	2026-08-14T01:57:32,808618369-0700	104.814718	3953	3476	4440	2656	427309	167	779056	92940
96	R1	2026-08-14T01:57:33,496881203-0700	105.505381	3953	3476	4440	2656	427309	167	779860	92940
97	R1	2026-08-14T01:57:34,178096202-0700	106.186715	3953	3476	4440	2656	427309	167	780824	92940
98	R1	2026-08-14T01:57:34,843840369-0700	106.847773	3953	3476	4440	2656	427309	167	780976	92940
99	R1	2026-08-14T01:57:35,543905619-0700	107.551562	3953	3476	4440	2656	427309	167	782032	92940
100	R1	2026-08-14T01:57:36,210326202-0700	108.218839	3953	3476	4440	2656	427309	167	782164	92940
101	R1	2026-08-14T01:57:36,866070868-0700	108.876670	3953	3476	4440	2656	427309	167	782296	92940
102	R1	2026-08-14T01:57:37,582901785-0700	109.593061	3953	3476	4440	2656	427309	167	781936	92940
103	R1	2026-08-14T01:57:38,313618535-0700	110.322374	3953	3476	4440	2656	427309	167	781976	92940
104	R1	2026-08-14T01:57:38,992938285-0700	111.003267	3953	3476	4440	2656	427309	167	782364	92940
105	R1	2026-08-14T01:57:39,744946201-0700	111.754168	3953	3476	4440	2656	427309	167	779732	92940
106	R1	2026-08-14T01:57:40,502088784-0700	112.511181	3953	3476	4440	2656	427309	167	779516	92940
107	R1	2026-08-14T01:57:41,170083617-0700	113.178338	3953	3476	4440	2656	427309	167	780136	92940
108	R1	2026-08-14T01:57:41,880305617-0700	113.890114	3953	3476	4440	2656	427309	167	780068	92940
109	R1	2026-08-14T01:57:42,588178284-0700	114.595574	3953	3476	4440	2656	427309	167	780896	92940
110	R1	2026-08-14T01:57:43,345958784-0700	115.350957	3953	3476	4440	2656	427309	167	781292	92940
111	R1	2026-08-14T01:57:44,014196700-0700	116.024443	3953	3476	4440	2656	427309	167	780876	92940
112	R1	2026-08-14T01:57:44,710605783-0700	116.718439	3953	3476	4440	2656	427309	167	781816	92940
113	R1	2026-08-14T01:57:45,400248866-0700	117.411213	3953	3476	4440	2656	427309	167	781364	92940
114	R1	2026-08-14T01:57:46,142782866-0700	118.150614	3953	3476	4440	2656	427309	167	781692	92940
115	R1	2026-08-14T01:57:46,815808699-0700	118.826903	3953	3476	4440	2656	427309	167	781776	92940
116	R1	2026-08-14T01:57:47,540234033-0700	119.547111	3953	3476	4440	2656	427309	167	783032	92940
117	R2	2026-08-14T01:57:48,923416699-0700	120.930661	3953	3800	4716	2656	427406	167	753060	92940
118	R2	2026-08-14T01:57:50,414906198-0700	122.422446	3953	5112	5512	2656	428030	167	752568	92940
119	R2	2026-08-14T01:57:52,849193365-0700	124.497612	3953	10068	9472	2684	436745	167	753236	92940
120	R2	2026-08-14T01:57:58,646438197-0700	130.574694	3953	3844	4520	2656	439913	167	752056	92940
121	R2	2026-08-14T01:58:01,848927112-0700	133.811376	3953	3844	4520	2656	439913	167	766352	92940
122	R2	2026-08-14T01:58:03,897753695-0700	135.896683	3953	3844	4520	2656	439913	167	770528	92940
123	R2	2026-08-14T01:58:05,987534278-0700	137.991613	3953	3844	4520	2656	439913	167	771336	92940
124	R2	2026-08-14T01:58:08,358887694-0700	140.342802	3953	3844	4520	2656	439913	167	774296	92940
125	R2	2026-08-14T01:58:10,548108944-0700	142.548512	3953	3844	4520	2656	439913	167	772776	92940
126	R2	2026-08-14T01:58:11,426989110-0700	143.436653	3953	3844	4520	2656	439913	167	773668	92940
127	R2	2026-08-14T01:58:12,182706193-0700	144.193193	3953	3844	4520	2656	439913	167	774996	92940
128	R2	2026-08-14T01:58:12,946717610-0700	144.955463	3953	3852	4468	2656	439943	167	775560	92940
129	R2	2026-08-14T01:58:15,148099859-0700	147.152436	3953	3852	4468	2656	439943	167	749712	92940
130	R2	2026-08-14T01:58:16,160709276-0700	148.165194	3953	3852	4468	2656	439943	167	750324	92940
131	R2	2026-08-14T01:58:17,001564525-0700	149.005156	3953	3852	4468	2656	439943	167	750184	92940
132	R2	2026-08-14T01:58:18,229004109-0700	150.237684	3953	3824	4468	2656	439943	167	774876	92940
133	R2	2026-08-14T01:58:19,247531942-0700	151.256356	3953	3824	4468	2656	439969	167	772292	92940
134	R2	2026-08-14T01:58:20,414590441-0700	152.424536	3953	3824	4468	2656	439969	167	770512	92940
135	R2	2026-08-14T01:58:21,418702441-0700	153.427166	3953	3824	4468	2656	439969	167	770776	92940
136	R2	2026-08-14T01:58:22,367096024-0700	154.374720	3953	3824	4468	2656	439969	167	771408	92940
137	R2	2026-08-14T01:58:23,116307274-0700	155.126694	3953	3824	4468	2656	439969	167	772172	92940
138	R2	2026-08-14T01:58:23,823666941-0700	155.831851	3953	3824	4468	2656	439969	167	772548	92940
139	R2	2026-08-14T01:58:24,553634357-0700	156.560293	3953	3824	4468	2656	439969	167	771568	92940
140	R2	2026-08-14T01:58:25,313121857-0700	157.312068	3953	3824	4468	2656	439969	167	772904	92940
141	R2	2026-08-14T01:58:26,202785607-0700	158.211935	3953	3824	4468	2656	439969	167	773792	92940
142	R2	2026-08-14T01:58:26,998323690-0700	159.007009	3953	3824	4468	2656	439969	167	777224	92940
143	R2	2026-08-14T01:58:27,689075523-0700	159.697695	3953	3824	4468	2656	439969	167	777132	92940
144	R2	2026-08-14T01:58:28,486236856-0700	160.496246	3953	3824	4468	2656	439969	167	778360	92940
145	R2	2026-08-14T01:58:29,180074689-0700	161.190810	3953	3824	4468	2656	439969	167	779280	92940
146	R2	2026-08-14T01:58:29,915339272-0700	161.924492	3953	3824	4468	2656	439969	167	781564	92940
147	R2	2026-08-14T01:58:30,654118689-0700	162.661736	3953	3824	4468	2656	439969	167	781388	92940
148	R2	2026-08-14T01:58:31,351122355-0700	163.360209	3953	3824	4468	2656	439969	167	780240	92940
149	R2	2026-08-14T01:58:32,079440855-0700	164.088203	3953	3824	4468	2656	439969	167	783144	92940
150	R2	2026-08-14T01:58:32,770621105-0700	164.780259	3953	3824	4468	2656	439969	167	782596	92940
151	R2	2026-08-14T01:58:33,445923855-0700	165.456491	3953	3824	4468	2656	439969	167	782228	92940
152	R2	2026-08-14T01:58:34,150344688-0700	166.159021	3953	3824	4468	2656	439969	167	782976	92940
153	R2	2026-08-14T01:58:34,820305688-0700	166.829786	3953	3824	4468	2656	439969	167	782488	92940
154	R2	2026-08-14T01:58:35,581673021-0700	167.590119	3953	3824	4468	2656	439969	167	781236	92940
155	R2	2026-08-14T01:58:36,303865604-0700	168.309619	3953	3824	4468	2656	439969	167	781888	92940
156	R2	2026-08-14T01:58:37,043225521-0700	169.053385	3953	3824	4468	2656	439969	167	781372	92940
157	R2	2026-08-14T01:58:37,838566521-0700	169.847631	3953	3824	4468	2656	439969	167	781768	92940
158	R2	2026-08-14T01:58:38,569726437-0700	170.577671	3953	3824	4468	2656	439969	167	782420	92940
159	R2	2026-08-14T01:58:39,380254770-0700	171.387547	3953	3824	4468	2656	439969	167	782888	92940
160	R2	2026-08-14T01:58:40,196592687-0700	172.204160	3953	3824	4468	2656	439969	167	783608	92940
161	R2	2026-08-14T01:58:40,935247770-0700	172.944157	3953	3824	4468	2656	439969	167	785160	92940
162	R2	2026-08-14T01:58:41,631564270-0700	173.642480	3953	3824	4468	2656	439969	167	786264	92940
163	R2	2026-08-14T01:58:42,480999019-0700	174.487725	3953	3824	4468	2656	439969	167	785836	92940
164	R2	2026-08-14T01:58:43,245856519-0700	175.255605	3953	3824	4468	2656	439969	167	787000	92940
165	R2	2026-08-14T01:58:43,974323019-0700	175.980413	3953	3824	4468	2656	439969	167	789432	92940
166	R2	2026-08-14T01:58:44,688228269-0700	176.697541	3953	3824	4468	2656	439969	167	788860	92940
167	R2	2026-08-14T01:58:45,506011185-0700	177.492112	3953	3824	4468	2656	439969	167	786688	92940
168	R2	2026-08-14T01:58:46,287958685-0700	178.297020	3953	3824	4468	2656	439969	167	787440	92940
169	R2	2026-08-14T01:58:47,032952602-0700	179.038106	3953	3824	4468	2656	439969	167	787548	92940
170	R2	2026-08-14T01:58:47,728940685-0700	179.738275	3953	3824	4468	2656	439969	167	787004	92940
171	R3	2026-08-14T01:58:49,243541018-0700	181.245664	3953	4360	4720	2656	440509	167	768376	92940
172	R3	2026-08-14T01:58:50,927596767-0700	182.927980	3953	12612	9716	2684	441207	167	770924	92940
173	R3	2026-08-14T01:58:53,777881683-0700	185.774437	3953	4564	6152	2656	451370	167	770376	92940
174	R3	2026-08-14T01:58:59,561199182-0700	191.518683	3953	3992	4384	2656	451507	167	773852	92940
175	R3	2026-08-14T01:59:01,827967931-0700	193.833393	3953	3992	4384	2656	451507	167	780744	92940
176	R3	2026-08-14T01:59:03,607016931-0700	195.606055	3953	3992	4384	2656	451507	167	782616	92940
177	R3	2026-08-14T01:59:05,756289597-0700	197.761101	3953	3992	4384	2656	451507	167	783552	92940
178	R3	2026-08-14T01:59:07,678968430-0700	199.677850	3953	3992	4384	2656	451507	167	783764	92940
179	R3	2026-08-14T01:59:09,817565013-0700	201.812337	3953	3992	4384	2656	451507	167	789748	92940
180	R3	2026-08-14T01:59:11,196817429-0700	203.204609	3953	3992	4384	2656	451507	167	787536	92940
181	R3	2026-08-14T01:59:11,988800762-0700	203.990663	3953	3992	4384	2656	451507	167	788748	92940
182	R3	2026-08-14T01:59:12,762011429-0700	204.767887	3953	4052	4276	2656	451507	167	788376	92940
183	R3	2026-08-14T01:59:14,811727595-0700	206.814217	3953	4052	4276	2656	451507	167	764108	92940
184	R3	2026-08-14T01:59:15,824533178-0700	207.829420	3953	4052	4276	2656	451507	167	764796	92940
185	R3	2026-08-14T01:59:16,616035011-0700	208.618696	3953	4052	4276	2656	451507	167	765832	92940
186	R3	2026-08-14T01:59:17,475972344-0700	209.479779	3953	4052	4276	2656	451507	167	767640	92940
187	R3	2026-08-14T01:59:18,769851844-0700	210.769060	3953	4048	4276	2656	451507	167	788964	92940
188	R3	2026-08-14T01:59:19,970156594-0700	211.972604	3953	4048	4276	2656	451507	167	786888	92940
189	R3	2026-08-14T01:59:21,080487427-0700	213.085101	3953	4048	4276	2656	451507	167	784772	92940
190	R3	2026-08-14T01:59:22,260137010-0700	214.269174	3953	4048	4276	2656	451507	167	783848	92940
191	R3	2026-08-14T01:59:23,132127176-0700	215.121471	3953	4048	4276	2656	451507	167	784876	92940
192	R3	2026-08-14T01:59:23,966059593-0700	215.976272	3953	4048	4276	2656	451507	167	785716	92940
193	R3	2026-08-14T01:59:24,678960676-0700	216.689431	3953	4048	4276	2656	451507	167	785436	92940
194	R3	2026-08-14T01:59:25,395505093-0700	217.404992	3953	4048	4276	2656	451507	167	786204	92940
195	R3	2026-08-14T01:59:26,156386842-0700	218.164333	3953	4048	4276	2656	451507	167	786680	92940
196	R3	2026-08-14T01:59:26,929054842-0700	218.939288	3953	4048	4276	2656	451507	167	785600	92940
197	R3	2026-08-14T01:59:27,638374092-0700	219.646195	3953	4048	4276	2656	451507	167	784732	92940
198	R3	2026-08-14T01:59:28,375754175-0700	220.386655	3953	4048	4276	2656	451507	167	785384	92940
199	R3	2026-08-14T01:59:29,147359508-0700	221.156288	3953	4048	4276	2656	451507	167	785284	92940
200	R3	2026-08-14T01:59:29,954535925-0700	221.952603	3953	4048	4276	2656	451507	167	781820	92940
201	R3	2026-08-14T01:59:30,757798008-0700	222.761541	3953	4048	4276	2656	451507	167	781440	92940
202	R3	2026-08-14T01:59:31,475218008-0700	223.481005	3953	4048	4276	2656	451507	167	781180	92940
203	R3	2026-08-14T01:59:32,196583591-0700	224.204026	3953	4048	4276	2656	451507	167	781768	92940
204	R3	2026-08-14T01:59:32,904732007-0700	224.910855	3953	4048	4276	2656	451507	167	781644	92940
205	R3	2026-08-14T01:59:33,682409757-0700	225.692600	3953	4048	4276	2656	451507	167	782148	92940
206	R3	2026-08-14T01:59:34,430728924-0700	226.437769	3953	4048	4276	2656	451507	167	782732	92940
207	R3	2026-08-14T01:59:35,177567007-0700	227.187171	3953	4048	4276	2656	451507	167	782596	92940
208	R3	2026-08-14T01:59:35,874612840-0700	227.884629	3953	4048	4276	2656	451507	167	783852	92940
209	R3	2026-08-14T01:59:36,624928673-0700	228.632368	3953	4048	4276	2656	451507	167	783264	92940
210	R3	2026-08-14T01:59:37,353892840-0700	229.361201	3953	4048	4276	2656	451507	167	783916	92940
211	R3	2026-08-14T01:59:38,098945589-0700	230.106000	3953	4048	4276	2656	451507	167	784544	92940
212	R3	2026-08-14T01:59:38,847047506-0700	230.857396	3953	4048	4276	2656	451507	167	785548	92940
213	R3	2026-08-14T01:59:39,544846006-0700	231.552818	3953	4048	4276	2656	451507	167	784748	92940
214	R3	2026-08-14T01:59:40,382513756-0700	232.391995	3953	4048	4276	2656	451507	167	783796	92940
215	R3	2026-08-14T01:59:41,170506255-0700	233.179328	3953	4048	4276	2656	451507	167	784156	92940
216	R3	2026-08-14T01:59:41,874491005-0700	233.885035	3953	4048	4276	2656	451507	167	784720	92940
217	R3	2026-08-14T01:59:42,564534588-0700	234.571635	3953	4048	4276	2656	451507	167	784924	92940
218	R3	2026-08-14T01:59:43,283624088-0700	235.293294	3953	4048	4276	2656	451507	167	785728	92940
219	R3	2026-08-14T01:59:43,982010005-0700	235.985277	3953	4048	4276	2656	451507	167	785224	92940
220	R3	2026-08-14T01:59:44,730685005-0700	236.738184	3953	4048	4276	2656	451507	167	784700	92940
221	R3	2026-08-14T01:59:45,510731004-0700	237.516313	3953	4048	4276	2656	451507	167	784340	92940
222	R3	2026-08-14T01:59:46,242167754-0700	238.248186	3953	4048	4276	2656	451507	167	784388	92940
223	R3	2026-08-14T01:59:46,960114754-0700	238.969425	3953	4048	4276	2656	451507	167	784116	92940
224	R3	2026-08-14T01:59:47,688162337-0700	239.693719	3953	4048	4276	2656	451507	167	784196	92940
225	R4	2026-08-14T01:59:49,291195753-0700	241.298497	3953	4768	4560	2656	451926	167	754620	92940
226	R4	2026-08-14T01:59:50,816985670-0700	242.826699	3953	10708	9196	2684	452466	167	763432	92940
227	R4	2026-08-14T01:59:54,309606669-0700	246.098079	3953	6772	8144	2656	462129	167	761632	92940
228	R4	2026-08-14T01:59:59,519503834-0700	251.524779	3953	4180	4256	2656	462704	167	767020	92940
229	R4	2026-08-14T02:00:01,526291501-0700	253.536994	3953	4180	4256	2656	462704	167	771092	92940
230	R4	2026-08-14T02:00:03,391190917-0700	255.394414	3953	4180	4256	2656	462704	167	773832	92940
231	R4	2026-08-14T02:00:05,171727916-0700	257.171513	3953	4172	4256	2656	462704	167	777056	92940
232	R4	2026-08-14T02:00:07,347616166-0700	259.344487	3953	4172	4256	2656	462704	167	778268	92940
233	R4	2026-08-14T02:00:09,677054332-0700	261.680507	3953	4172	4256	2656	462704	167	778936	92940
234	R4	2026-08-14T02:00:10,903077082-0700	262.909316	3953	4172	4256	2656	462704	167	780616	92940
235	R4	2026-08-14T02:00:11,699557081-0700	263.698904	3953	4172	4256	2656	462704	167	780320	92940
236	R4	2026-08-14T02:00:12,483612415-0700	264.493645	3953	4172	4256	2656	462704	167	779524	92940
237	R4	2026-08-14T02:00:14,626770331-0700	266.615260	3953	4056	4240	2656	462704	167	738680	92940
238	R4	2026-08-14T02:00:15,599607331-0700	267.608288	3953	4056	4240	2656	462704	167	760228	92940
239	R4	2026-08-14T02:00:16,413558664-0700	268.422614	3953	4056	4240	2656	462704	167	761076	92940
240	R4	2026-08-14T02:00:17,520618330-0700	269.529641	3953	4056	4240	2656	462704	167	779468	92940
241	R4	2026-08-14T02:00:18,552050663-0700	270.558632	3953	4032	4240	2656	462704	167	777800	92940
242	R4	2026-08-14T02:00:19,696107996-0700	271.705383	3953	4032	4240	2656	462704	167	774112	92940
243	R4	2026-08-14T02:00:20,847770746-0700	272.845548	3953	4032	4240	2656	462704	167	772504	92940
244	R4	2026-08-14T02:00:21,960563496-0700	273.965326	3953	4032	4240	2656	462704	167	772112	92940
245	R4	2026-08-14T02:00:22,797784329-0700	274.806137	3953	4032	4240	2656	462704	167	772312	92940
246	R4	2026-08-14T02:00:23,690301079-0700	275.697497	3953	4032	4240	2656	462704	167	773532	92940
247	R4	2026-08-14T02:00:24,414443662-0700	276.424884	3953	4032	4240	2656	462704	167	775852	92940
248	R4	2026-08-14T02:00:25,225470245-0700	277.227872	3953	4032	4240	2656	462704	167	777532	92940
249	R4	2026-08-14T02:00:26,055119078-0700	278.063299	3953	4032	4240	2656	462704	167	777480	92940
250	R4	2026-08-14T02:00:27,053459828-0700	279.061176	3953	4032	4240	2656	462704	167	781432	92940
251	R4	2026-08-14T02:00:28,082362661-0700	280.092266	3953	4032	4240	2656	462704	167	780296	92940
252	R4	2026-08-14T02:00:28,822640327-0700	280.830962	3953	4032	4240	2656	462704	167	779856	92940
253	R4	2026-08-14T02:00:29,557128161-0700	281.565024	3953	4032	4240	2656	462704	167	779396	92940
254	R4	2026-08-14T02:00:30,297214910-0700	282.305561	3953	4032	4240	2656	462704	167	780420	92940
255	R4	2026-08-14T02:00:31,045139827-0700	283.054073	3953	4032	4240	2656	462704	167	781404	92940
256	R4	2026-08-14T02:00:31,806990660-0700	283.815453	3953	4032	4240	2656	462704	167	781496	92940
257	R4	2026-08-14T02:00:32,463945660-0700	284.473936	3953	4032	4240	2656	462704	167	781944	92940
258	R4	2026-08-14T02:00:33,175319826-0700	285.183276	3953	4032	4240	2656	462704	167	782156	92940
259	R4	2026-08-14T02:00:33,865776743-0700	285.876578	3953	4032	4240	2656	462704	167	783520	92940
260	R4	2026-08-14T02:00:34,662384743-0700	286.670540	3953	4032	4240	2656	462704	167	782400	92940
261	R4	2026-08-14T02:00:35,460826659-0700	287.467982	3953	4032	4240	2656	462704	167	777792	92940
262	R4	2026-08-14T02:00:36,152700742-0700	288.161868	3953	4032	4240	2656	462704	167	781136	92940
263	R4	2026-08-14T02:00:36,866798742-0700	288.877513	3953	4032	4240	2656	462704	167	780576	92940
264	R4	2026-08-14T02:00:37,685516659-0700	289.693931	3953	4032	4240	2656	462704	167	779660	92940
265	R4	2026-08-14T02:00:38,411417242-0700	290.419622	3953	4032	4240	2656	462704	167	779128	92940
266	R4	2026-08-14T02:00:39,105500408-0700	291.113636	3953	4032	4240	2656	462704	167	779400	92940
267	R4	2026-08-14T02:00:39,781747158-0700	291.790409	3953	4032	4240	2656	462704	167	780888	92940
268	R4	2026-08-14T02:00:40,494865325-0700	292.504520	3953	4032	4240	2656	462704	167	781956	92940
269	R4	2026-08-14T02:00:41,164188491-0700	293.174725	3953	4032	4240	2656	462704	167	782944	92940
270	R4	2026-08-14T02:00:41,909479074-0700	293.919161	3953	4032	4240	2656	462704	167	784872	92940
271	R4	2026-08-14T02:00:42,629159491-0700	294.638471	3953	4032	4240	2656	462704	167	784164	92940
272	R4	2026-08-14T02:00:43,326053491-0700	295.331900	3953	4032	4240	2656	462704	167	784284	92940
273	R4	2026-08-14T02:00:44,026617074-0700	296.036119	3953	4032	4240	2656	462704	167	785356	92940
274	R4	2026-08-14T02:00:44,715069407-0700	296.725644	3953	4032	4240	2656	462704	167	784448	92940
275	R4	2026-08-14T02:00:45,481003157-0700	297.490841	3953	4032	4240	2656	462704	167	780836	92940
276	R4	2026-08-14T02:00:46,185743573-0700	298.193475	3953	4032	4240	2656	462704	167	780968	92940
277	R4	2026-08-14T02:00:46,932901823-0700	298.943037	3953	4032	4240	2656	462704	167	780580	92940
278	R4	2026-08-14T02:00:47,638752906-0700	299.647569	3953	4032	4240	2656	462704	167	780020	92940
279	R5	2026-08-14T02:00:49,131456573-0700	301.139890	3953	4948	4288	2656	463101	167	763992	92940
280	R5	2026-08-14T02:00:50,889803155-0700	302.892203	3953	8176	8144	2684	463786	167	752076	92940
281	R5	2026-08-14T02:00:55,312549904-0700	307.223547	3953	6248	6292	2656	473975	167	737800	92940
282	R5	2026-08-14T02:00:59,393794237-0700	311.390044	3953	4144	4296	2656	474138	167	762968	92940
283	R5	2026-08-14T02:01:01,616182403-0700	313.619524	3953	4144	4296	2656	474138	167	768848	92940
284	R5	2026-08-14T02:01:03,293000069-0700	315.294771	3953	4144	4296	2656	474138	167	771508	92940
285	R5	2026-08-14T02:01:04,887660235-0700	316.883496	3953	4144	4296	2656	474138	167	773904	92940
286	R5	2026-08-14T02:01:06,732332568-0700	318.739080	3953	4144	4296	2656	474138	167	774964	92940
287	R5	2026-08-14T02:01:08,699420735-0700	320.706458	3953	4144	4296	2656	474138	167	775164	92940
288	R5	2026-08-14T02:01:10,360602067-0700	322.365270	3953	4144	4296	2656	474138	167	777488	92940
289	R5	2026-08-14T02:01:11,151402234-0700	323.160040	3953	4144	4296	2656	474138	167	778444	92940
290	R5	2026-08-14T02:01:11,917851150-0700	323.927270	3953	4144	4296	2656	474138	167	777884	92940
291	R5	2026-08-14T02:01:12,651239484-0700	324.661909	3953	4144	4296	2656	474138	167	777220	92940
292	R5	2026-08-14T02:01:14,685638150-0700	326.688061	3953	4172	4244	2656	474138	167	756880	92940
293	R5	2026-08-14T02:01:15,506347233-0700	327.512202	3953	4172	4244	2656	474138	167	754004	92940
294	R5	2026-08-14T02:01:16,299171399-0700	328.307547	3953	4172	4244	2656	474138	167	754196	92940
295	R5	2026-08-14T02:01:17,118788316-0700	329.125562	3953	4172	4244	2656	474138	167	756020	92940
296	R5	2026-08-14T02:01:18,039018899-0700	330.035041	3953	4172	4244	2656	474138	167	762492	92940
297	R5	2026-08-14T02:01:19,037631399-0700	331.042505	3953	4172	4244	2656	474138	167	777536	92940
298	R5	2026-08-14T02:01:19,990307815-0700	331.994125	3953	4172	4244	2656	474138	167	776040	92940
299	R5	2026-08-14T02:01:21,275857315-0700	333.285957	3953	4172	4244	2656	474138	167	772768	92940
300	R5	2026-08-14T02:01:22,063428731-0700	334.070993	3953	4172	4244	2656	474138	167	773952	92940
301	R5	2026-08-14T02:01:22,840834148-0700	334.850900	3953	4172	4244	2656	474138	167	774596	92940
302	R5	2026-08-14T02:01:23,623871648-0700	335.630477	3953	4172	4244	2656	474138	167	775460	92940
303	R5	2026-08-14T02:01:24,271792898-0700	336.279767	3953	4172	4244	2656	474138	167	774992	92940
304	R5	2026-08-14T02:01:24,930379481-0700	336.941268	3953	4172	4244	2656	474138	167	776132	92940
305	R5	2026-08-14T02:01:25,558025147-0700	337.567880	3953	4172	4244	2656	474138	167	776500	92940
306	R5	2026-08-14T02:01:26,317456564-0700	338.327197	3953	4172	4244	2656	474138	167	777568	92940
307	R5	2026-08-14T02:01:27,038889980-0700	339.047269	3953	4172	4244	2656	474138	167	777932	92940
308	R5	2026-08-14T02:01:27,769615063-0700	339.776311	3953	4172	4244	2656	474138	167	778500	92940
309	R5	2026-08-14T02:01:28,524750063-0700	340.531729	3953	4172	4244	2656	474138	167	779876	92940
310	R5	2026-08-14T02:01:29,212648480-0700	341.222136	3953	4172	4244	2656	474138	167	779220	92940
311	R5	2026-08-14T02:01:29,890433896-0700	341.894475	3953	4172	4244	2656	474138	167	779668	92940
312	R5	2026-08-14T02:01:30,563178979-0700	342.570534	3953	4172	4244	2656	474138	167	778776	92940
313	R5	2026-08-14T02:01:31,218461063-0700	343.211562	3953	4172	4244	2656	474138	167	778960	92940
314	R5	2026-08-14T02:01:31,900244979-0700	343.909071	3953	4172	4244	2656	474138	167	777528	92940
315	R5	2026-08-14T02:01:32,579566062-0700	344.588231	3953	4172	4244	2656	474138	167	776564	92940
316	R5	2026-08-14T02:01:33,320806062-0700	345.322999	3953	4172	4244	2656	474138	167	776688	92940
317	R5	2026-08-14T02:01:33,995876812-0700	346.003724	3953	4172	4244	2656	474138	167	777052	92940
318	R5	2026-08-14T02:01:34,758761478-0700	346.766590	3953	4172	4244	2656	474138	167	777428	92940
319	R5	2026-08-14T02:01:35,503629895-0700	347.512089	3953	4172	4244	2656	474138	167	777340	92940
320	R5	2026-08-14T02:01:36,258549228-0700	348.266703	3953	4172	4244	2656	474138	167	777904	92940
321	R5	2026-08-14T02:01:36,943229561-0700	348.950484	3953	4172	4244	2656	474138	167	778084	92940
322	R5	2026-08-14T02:01:37,718420728-0700	349.728054	3953	4172	4244	2656	474138	167	778384	92940
323	R5	2026-08-14T02:01:38,426981811-0700	350.437722	3953	4172	4244	2656	474138	167	777964	92940
324	R5	2026-08-14T02:01:39,088343561-0700	351.094584	3953	4172	4244	2656	474138	167	778260	92940
325	R5	2026-08-14T02:01:39,784317894-0700	351.792179	3953	4172	4244	2656	474138	167	778352	92940
326	R5	2026-08-14T02:01:40,522348477-0700	352.528992	3953	4172	4244	2656	474138	167	779392	92940
327	R5	2026-08-14T02:01:41,244236060-0700	353.252229	3953	4172	4244	2656	474138	167	778616	92940
328	R5	2026-08-14T02:01:41,966245643-0700	353.975741	3953	4172	4244	2656	474138	167	780328	92940
329	R5	2026-08-14T02:01:42,714676726-0700	354.723449	3953	4172	4244	2656	474138	167	778844	92940
330	R5	2026-08-14T02:01:43,391790143-0700	355.401272	3953	4172	4244	2656	474138	167	778856	92940
331	R5	2026-08-14T02:01:44,078964809-0700	356.085943	3953	4172	4244	2656	474138	167	779256	92940
332	R5	2026-08-14T02:01:44,729415559-0700	356.739621	3953	4172	4244	2656	474138	167	779452	92940
333	R5	2026-08-14T02:01:45,409653142-0700	357.420336	3953	4172	4244	2656	474138	167	780340	92940
334	R5	2026-08-14T02:01:46,115872476-0700	358.126230	3953	4172	4244	2656	474138	167	781208	92940
335	R5	2026-08-14T02:01:46,846458642-0700	358.857250	3953	4172	4244	2656	474138	167	780468	92940
336	R5	2026-08-14T02:01:47,486960725-0700	359.494255	3953	4172	4244	2656	474138	167	780560	92940
337	R6	2026-08-14T02:01:48,828454475-0700	360.829728	3953	4508	4440	2656	474227	167	757064	92940
338	R6	2026-08-14T02:01:50,518189975-0700	362.524515	3953	10392	11188	2684	474995	167	762620	92940
339	R6	2026-08-14T02:01:53,248679724-0700	365.253337	3953	8372	10436	2684	482692	167	754792	92940
340	R6	2026-08-14T02:01:58,413051139-0700	370.386139	3953	4228	4364	2656	485921	167	752824	92684
341	R6	2026-08-14T02:02:01,477390722-0700	373.477743	3953	4228	4364	2656	485921	167	764960	92684
342	R6	2026-08-14T02:02:03,271131722-0700	375.273658	3953	4228	4364	2656	485921	167	766684	92684
343	R6	2026-08-14T02:02:05,179663971-0700	377.171435	3953	4228	4364	2656	485921	167	767568	92684
344	R6	2026-08-14T02:02:07,204242471-0700	379.194932	3953	4228	4336	2656	485921	167	769300	92684
345	R6	2026-08-14T02:02:09,248127887-0700	381.227383	3953	4228	4336	2656	485921	167	772032	92684
346	R6	2026-08-14T02:02:10,549998803-0700	382.560098	3953	4228	4336	2656	485921	167	772800	92684
347	R6	2026-08-14T02:02:11,315911136-0700	383.326689	3953	4228	4336	2656	485921	167	773252	92684
348	R6	2026-08-14T02:02:12,107608386-0700	384.116694	3953	4228	4336	2656	485921	167	772676	92684
349	R6	2026-08-14T02:02:12,946531719-0700	384.956827	3953	4212	4320	2656	485921	167	773668	92684
350	R6	2026-08-14T02:02:15,000444469-0700	387.010191	3953	4212	4320	2656	485921	167	746244	92684
351	R6	2026-08-14T02:02:15,758930469-0700	387.764383	3953	4212	4320	2656	485921	167	744996	92684
352	R6	2026-08-14T02:02:16,538447385-0700	388.535401	3953	4212	4320	2656	485921	167	756264	92684
353	R6	2026-08-14T02:02:17,541748968-0700	389.545472	3953	4212	4320	2656	485921	167	776592	92684
354	R6	2026-08-14T02:02:18,471931218-0700	390.479362	3953	4212	4320	2656	485921	167	777912	92684
355	R6	2026-08-14T02:02:19,528932801-0700	391.528948	3953	4212	4320	2656	485921	167	774120	92684
356	R6	2026-08-14T02:02:20,632484467-0700	392.641197	3953	4212	4320	2656	485921	167	772796	92684
357	R6	2026-08-14T02:02:21,770279884-0700	393.775638	3953	4212	4320	2656	485921	167	771088	92684
358	R6	2026-08-14T02:02:22,508681634-0700	394.517804	3953	4212	4320	2656	485921	167	771892	92684
359	R6	2026-08-14T02:02:23,336514967-0700	395.342689	3953	4212	4320	2656	485921	167	773484	92684
360	R6	2026-08-14T02:02:24,079289300-0700	396.088717	3953	4212	4320	2656	485921	167	774812	92684
361	R6	2026-08-14T02:02:24,790202633-0700	396.796792	3953	4212	4320	2656	485921	167	774732	92684
362	R6	2026-08-14T02:02:25,507343216-0700	397.514486	3953	4212	4320	2656	485921	167	778608	92684
363	R6	2026-08-14T02:02:26,253901966-0700	398.262172	3953	4212	4320	2656	485921	167	779784	92684
364	R6	2026-08-14T02:02:26,904638549-0700	398.912309	3953	4212	4320	2656	485921	167	780436	92684
365	R6	2026-08-14T02:02:27,644185549-0700	399.646633	3953	4212	4320	2656	485921	167	779876	92684
366	R6	2026-08-14T02:02:28,338812466-0700	400.342639	3953	4212	4320	2656	485921	167	781616	92684
367	R6	2026-08-14T02:02:29,064558132-0700	401.075445	3953	4212	4320	2656	485921	167	782140	92684
368	R6	2026-08-14T02:02:29,745900965-0700	401.756600	3953	4212	4320	2656	485921	167	782120	92684
369	R6	2026-08-14T02:02:30,396125132-0700	402.406981	3953	4212	4320	2656	485921	167	783644	92684
370	R6	2026-08-14T02:02:31,079122132-0700	403.088631	3953	4212	4320	2656	485921	167	783172	92684
371	R6	2026-08-14T02:02:31,816021715-0700	403.827032	3953	4212	4320	2656	485921	167	783132	92684
372	R6	2026-08-14T02:02:32,579054298-0700	404.587944	3953	4212	4320	2656	485921	167	783844	92684
373	R6	2026-08-14T02:02:33,324221631-0700	405.330510	3953	4212	4320	2656	485921	167	786228	92684
374	R6	2026-08-14T02:02:33,993098298-0700	406.002926	3953	4212	4320	2656	485921	167	786944	92684
375	R6	2026-08-14T02:02:34,692294547-0700	406.701589	3953	4212	4320	2656	485921	167	786640	92684
376	R6	2026-08-14T02:02:35,431542797-0700	407.442146	3953	4212	4320	2656	485921	167	787340	92684
377	R6	2026-08-14T02:02:36,093731380-0700	408.102256	3953	4212	4320	2656	485921	167	788136	92684
378	R6	2026-08-14T02:02:36,767762297-0700	408.776880	3953	4212	4320	2656	485921	167	788664	92684
379	R6	2026-08-14T02:02:37,545970630-0700	409.557218	3953	4212	4320	2656	485921	167	789428	92684
380	R6	2026-08-14T02:02:38,276546630-0700	410.286226	3953	4212	4320	2656	485921	167	789596	92684
381	R6	2026-08-14T02:02:39,020234296-0700	411.027452	3953	4212	4320	2656	485921	167	788660	92684
382	R6	2026-08-14T02:02:39,701277296-0700	411.709610	3953	4212	4320	2656	485921	167	788476	92684
383	R6	2026-08-14T02:02:40,358614963-0700	412.369280	3953	4212	4320	2656	485921	167	790824	92684
384	R6	2026-08-14T02:02:41,061319963-0700	413.070760	3953	4212	4320	2656	485921	167	790624	92684
385	R6	2026-08-14T02:02:41,789837712-0700	413.795299	3953	4212	4320	2656	485921	167	790816	92684
386	R6	2026-08-14T02:02:42,545011379-0700	414.540387	3953	4212	4320	2656	485921	167	790588	92684
387	R6	2026-08-14T02:02:43,240043712-0700	415.246131	3953	4212	4320	2656	485921	167	790772	92684
388	R6	2026-08-14T02:02:43,913191462-0700	415.924352	3953	4212	4320	2656	485921	167	790884	92684
389	R6	2026-08-14T02:02:44,552702878-0700	416.560070	3953	4212	4320	2656	485921	167	791180	92684
390	R6	2026-08-14T02:02:45,284970128-0700	417.292459	3953	4212	4320	2656	485921	167	791180	92684
391	R6	2026-08-14T02:02:45,965446378-0700	417.975768	3953	4212	4320	2656	485921	167	791320	92684
392	R6	2026-08-14T02:02:46,696700545-0700	418.707350	3953	4212	4320	2656	485921	167	792180	92684
393	R6	2026-08-14T02:02:47,376459378-0700	419.387172	3953	4212	4320	2656	485921	167	791188	92684
394	R7	2026-08-14T02:02:48,161710294-0700	420.160229	3953	4276	4304	2656	485921	167	775540	92684
395	R7	2026-08-14T02:02:50,176954460-0700	422.163359	3953	7288	7868	2656	486696	167	780032	92684
396	R7	2026-08-14T02:02:53,175449793-0700	425.166087	3953	8396	12220	2684	495536	167	769068	92684
397	R7	2026-08-14T02:02:58,410523125-0700	430.389780	3953	4128	4752	2656	497737	167	763748	92684
398	R7	2026-08-14T02:03:00,751417041-0700	432.748700	3953	4128	4752	2656	497737	167	774168	92684
399	R7	2026-08-14T02:03:02,815755124-0700	434.809119	3953	4128	4752	2656	497737	167	775688	92684
400	R7	2026-08-14T02:03:04,582801374-0700	436.593414	3953	4128	4752	2656	497737	167	777756	92684
401	R7	2026-08-14T02:03:06,502225706-0700	438.510557	3953	4128	4752	2656	497737	167	778148	92684
402	R7	2026-08-14T02:03:08,173293789-0700	440.178247	3953	4128	4752	2656	497737	167	779000	92684
403	R7	2026-08-14T02:03:10,120066206-0700	442.109689	3953	4128	4752	2656	497737	167	780528	92684
404	R7	2026-08-14T02:03:10,946537872-0700	442.950584	3953	4128	4752	2656	497737	167	781188	92684
405	R7	2026-08-14T02:03:11,655738705-0700	443.662454	3953	4128	4752	2656	497737	167	781512	92684
406	R7	2026-08-14T02:03:12,470289622-0700	444.477719	3953	4128	4752	2656	497737	167	777000	92684
407	R7	2026-08-14T02:03:14,396724538-0700	446.390788	3953	4068	4704	2656	497737	167	745388	92684
408	R7	2026-08-14T02:03:15,529714954-0700	447.533191	3953	4068	4704	2656	497737	167	757364	92684
409	R7	2026-08-14T02:03:16,263656204-0700	448.269573	3953	4068	4704	2656	497737	167	756596	92684
410	R7	2026-08-14T02:03:17,075415537-0700	449.081526	3953	4068	4704	2656	497737	167	758084	92684
411	R7	2026-08-14T02:03:18,206626704-0700	450.208674	3953	4068	4704	2656	497737	167	781480	92684
412	R7	2026-08-14T02:03:19,330679870-0700	451.339379	3953	4064	4704	2656	497737	167	776628	92684
413	R7	2026-08-14T02:03:20,667862786-0700	452.641963	3953	4064	4704	2656	497737	167	773636	92684
414	R7	2026-08-14T02:03:21,682809536-0700	453.690638	3953	4064	4704	2656	497737	167	773500	92684
415	R7	2026-08-14T02:03:22,472711369-0700	454.475600	3953	4064	4704	2656	497737	167	773540	92684
416	R7	2026-08-14T02:03:23,237189036-0700	455.245534	3953	4064	4704	2656	497737	167	774356	92684
417	R7	2026-08-14T02:03:23,948093536-0700	455.957617	3953	4064	4704	2656	497737	167	774764	92684
418	R7	2026-08-14T02:03:24,612858952-0700	456.618531	3953	4064	4704	2656	497737	167	775168	92684
419	R7	2026-08-14T02:03:25,327626619-0700	457.337022	3953	4064	4704	2656	497737	167	779204	92684
420	R7	2026-08-14T02:03:26,088461118-0700	458.097961	3953	4064	4704	2656	497737	167	779356	92684
421	R7	2026-08-14T02:03:26,842727702-0700	458.853393	3953	4064	4704	2656	497737	167	779576	92684
422	R7	2026-08-14T02:03:27,580899035-0700	459.591376	3953	4064	4704	2656	497737	167	779516	92684
423	R7	2026-08-14T02:03:28,262539118-0700	460.265751	3953	4064	4704	2656	497737	167	779312	92684
424	R7	2026-08-14T02:03:28,947846701-0700	460.958944	3953	4064	4704	2656	497737	167	779004	92684
425	R7	2026-08-14T02:03:29,647410951-0700	461.655817	3953	4064	4704	2656	497737	167	779152	92684
426	R7	2026-08-14T02:03:30,394756951-0700	462.403434	3953	4064	4704	2656	497737	167	779716	92684
427	R7	2026-08-14T02:03:31,044773201-0700	463.055615	3953	4064	4704	2656	497737	167	780212	92684
428	R7	2026-08-14T02:03:31,751576534-0700	463.758637	3953	4064	4704	2656	497737	167	779464	92684
429	R7	2026-08-14T02:03:32,408072784-0700	464.413533	3953	4064	4704	2656	497737	167	780596	92684
430	R7	2026-08-14T02:03:33,074446950-0700	465.085074	3953	4064	4704	2656	497737	167	780788	92684
431	R7	2026-08-14T02:03:33,747325200-0700	465.749984	3953	4064	4704	2656	497737	167	781204	92684
432	R7	2026-08-14T02:03:34,401820866-0700	466.411062	3953	4064	4704	2656	497737	167	780156	92684
433	R7	2026-08-14T02:03:35,091657116-0700	467.097794	3953	4064	4704	2656	497737	167	781980	92684
434	R7	2026-08-14T02:03:35,748374616-0700	467.758278	3953	4064	4704	2656	497737	167	780860	92684
435	R7	2026-08-14T02:03:36,431036366-0700	468.439779	3953	4064	4704	2656	497737	167	780436	92684
436	R7	2026-08-14T02:03:37,125560116-0700	469.132074	3953	4064	4704	2656	497737	167	779928	92684
437	R7	2026-08-14T02:03:37,803915116-0700	469.812701	3953	4064	4704	2656	497737	167	781400	92684
438	R7	2026-08-14T02:03:38,479172616-0700	470.489406	3953	4064	4704	2656	497737	167	781648	92684
439	R7	2026-08-14T02:03:39,271143449-0700	471.278475	3953	4064	4704	2656	497737	167	781208	92684
440	R7	2026-08-14T02:03:39,966667365-0700	471.976540	3953	4064	4704	2656	497737	167	782876	92684
441	R7	2026-08-14T02:03:40,675399032-0700	472.678253	3953	4064	4704	2656	497737	167	782288	92684
442	R7	2026-08-14T02:03:41,348338615-0700	473.358108	3953	4064	4704	2656	497737	167	781364	92684
443	R7	2026-08-14T02:03:42,077042948-0700	474.085416	3953	4064	4704	2656	497737	167	782308	92684
444	R7	2026-08-14T02:03:42,823761531-0700	474.829112	3953	4064	4704	2656	497737	167	783400	92684
445	R7	2026-08-14T02:03:43,573639031-0700	475.581139	3953	4064	4704	2656	497737	167	782932	92684
446	R7	2026-08-14T02:03:44,334843614-0700	476.342151	3953	4064	4704	2656	497737	167	781796	92684
447	R7	2026-08-14T02:03:44,981998947-0700	476.990556	3953	4064	4704	2656	497737	167	782980	92684
448	R7	2026-08-14T02:03:45,694337614-0700	477.699845	3953	4064	4704	2656	497737	167	782092	92684
449	R7	2026-08-14T02:03:46,412364114-0700	478.412544	3953	4064	4704	2656	497737	167	781028	92684
450	R7	2026-08-14T02:03:47,120020947-0700	479.128652	3953	4064	4704	2656	497737	167	781240	92684
451	R7	2026-08-14T02:03:47,814481280-0700	479.824443	3953	4064	4704	2656	497737	167	782012	92684
452	R8	2026-08-14T02:03:49,452749113-0700	481.454386	3953	4992	4660	2656	498166	167	764868	92684
453	R8	2026-08-14T02:03:51,442905529-0700	483.414546	3953	10044	6940	2684	503214	167	767956	92684
454	R8	2026-08-14T02:03:56,456271611-0700	488.448077	3953	6820	4580	2656	509233	167	750464	92684
455	R8	2026-08-14T02:04:00,320668610-0700	492.325172	3953	4264	4388	2656	509233	167	764392	92684
456	R8	2026-08-14T02:04:02,193684360-0700	494.193480	3953	4264	4388	2656	509233	167	770052	92684
457	R8	2026-08-14T02:04:04,108244859-0700	496.095032	3953	4264	4388	2656	509233	167	774284	92684
458	R8	2026-08-14T02:04:06,109524192-0700	498.095580	3953	4264	4388	2656	509233	167	778644	92684
459	R8	2026-08-14T02:04:07,858470108-0700	499.864425	3953	4264	4388	2656	509233	167	779880	92684
460	R8	2026-08-14T02:04:09,616310941-0700	501.615251	3953	4264	4388	2656	509233	167	780520	92684
461	R8	2026-08-14T02:04:10,708863274-0700	502.718340	3953	4264	4388	2656	509233	167	780256	92684
462	R8	2026-08-14T02:04:11,508799524-0700	503.518617	3953	4264	4388	2656	509233	167	782452	92684
463	R8	2026-08-14T02:04:12,255498524-0700	504.263945	3953	4264	4388	2656	509233	167	783068	92684
464	R8	2026-08-14T02:04:13,112368691-0700	505.118578	3953	4260	4364	2656	509233	167	767048	92684
465	R8	2026-08-14T02:04:15,157290690-0700	507.167716	3953	4260	4364	2656	509233	167	761072	92684
466	R8	2026-08-14T02:04:15,937997940-0700	507.945406	3953	4260	4364	2656	509233	167	761136	92684
467	R8	2026-08-14T02:04:16,801504440-0700	508.811038	3953	4260	4364	2656	509233	167	760652	92684
468	R8	2026-08-14T02:04:17,588361856-0700	509.595814	3953	4260	4364	2656	509233	167	762284	92684
469	R8	2026-08-14T02:04:19,078685689-0700	511.087493	3953	4252	4364	2656	509233	167	781552	92684
470	R8	2026-08-14T02:04:20,471674272-0700	512.479566	3953	4252	4364	2656	509233	167	777704	92684
471	R8	2026-08-14T02:04:21,458382105-0700	513.464590	3953	4252	4364	2656	509233	167	778112	92684
472	R8	2026-08-14T02:04:22,246974438-0700	514.253601	3953	4252	4364	2656	509233	167	779968	92684
473	R8	2026-08-14T02:04:23,075651522-0700	515.081215	3953	4252	4364	2656	509233	167	781416	92684
474	R8	2026-08-14T02:04:23,941959271-0700	515.947741	3953	4252	4364	2656	509233	167	782312	92684
475	R8	2026-08-14T02:04:24,756583438-0700	516.765293	3953	4252	4364	2656	509233	167	785288	92684
476	R8	2026-08-14T02:04:25,519292438-0700	517.527928	3953	4252	4364	2656	509233	167	786960	92684
477	R8	2026-08-14T02:04:26,232750937-0700	518.243409	3953	4252	4364	2656	509233	167	787404	92684
478	R8	2026-08-14T02:04:27,107257937-0700	519.114146	3953	4252	4364	2656	509233	167	788404	92684
479	R8	2026-08-14T02:04:27,830880104-0700	519.839874	3953	4252	4364	2656	509233	167	789920	92684
480	R8	2026-08-14T02:04:28,523846687-0700	520.531989	3953	4252	4364	2656	509233	167	790148	92684
481	R8	2026-08-14T02:04:29,215790603-0700	521.223993	3953	4252	4364	2656	509233	167	793288	92684
482	R8	2026-08-14T02:04:29,898232853-0700	521.908379	3953	4252	4364	2656	509233	167	792696	92684
483	R8	2026-08-14T02:04:30,579341520-0700	522.589248	3953	4252	4364	2656	509233	167	793316	92684
484	R8	2026-08-14T02:04:31,370429686-0700	523.380055	3953	4252	4364	2656	509233	167	792824	92684
485	R8	2026-08-14T02:04:32,061914936-0700	524.068424	3953	4252	4364	2656	509233	167	792648	92684
486	R8	2026-08-14T02:04:32,699305603-0700	524.709501	3953	4252	4364	2656	509233	167	791816	92684
487	R8	2026-08-14T02:04:33,395003019-0700	525.405179	3953	4252	4364	2656	509233	167	792616	92684
488	R8	2026-08-14T02:04:34,039731602-0700	526.047229	3953	4252	4364	2656	509233	167	793300	92684
489	R8	2026-08-14T02:04:34,701537269-0700	526.710950	3953	4252	4364	2656	509233	167	793484	92684
490	R8	2026-08-14T02:04:35,380801602-0700	527.391140	3953	4252	4364	2656	509233	167	794348	92684
491	R8	2026-08-14T02:04:36,063792352-0700	528.072519	3953	4252	4364	2656	509233	167	795380	92684
492	R8	2026-08-14T02:04:36,745395685-0700	528.756325	3953	4252	4364	2656	509233	167	796392	92684
493	R8	2026-08-14T02:04:37,415652268-0700	529.426165	3953	4252	4364	2656	509233	167	795488	92684
494	R8	2026-08-14T02:04:38,176884768-0700	530.180617	3953	4252	4364	2656	509233	167	796504	92684
495	R8	2026-08-14T02:04:38,879818434-0700	530.887870	3953	4252	4364	2656	509233	167	796420	92684
496	R8	2026-08-14T02:04:39,533746434-0700	531.544512	3953	4252	4364	2656	509233	167	795276	92684
497	R8	2026-08-14T02:04:40,175649101-0700	532.185726	3953	4252	4364	2656	509233	167	795396	92684
498	R8	2026-08-14T02:04:40,863550934-0700	532.873947	3953	4252	4364	2656	509233	167	796020	92684
499	R8	2026-08-14T02:04:41,573748267-0700	533.582067	3953	4252	4364	2656	509233	167	796016	92684
500	R8	2026-08-14T02:04:42,278953017-0700	534.286190	3953	4252	4364	2656	509233	167	797500	92684
501	R8	2026-08-14T02:04:42,968421433-0700	534.978259	3953	4252	4364	2656	509233	167	796864	92684
502	R8	2026-08-14T02:04:43,688940767-0700	535.694785	3953	4252	4364	2656	509233	167	796688	92684
503	R8	2026-08-14T02:04:44,402403266-0700	536.412718	3953	4252	4364	2656	509233	167	795456	92684
504	R8	2026-08-14T02:04:45,102375516-0700	537.110610	3953	4252	4364	2656	509233	167	795940	92684
505	R8	2026-08-14T02:04:45,831009683-0700	537.840640	3953	4252	4364	2656	509233	167	795528	92684
506	R8	2026-08-14T02:04:46,546487516-0700	538.555299	3953	4252	4364	2656	509233	167	796668	92684
507	R8	2026-08-14T02:04:47,252226599-0700	539.262339	3953	4252	4364	2656	509233	167	795772	92684
508	P1	2026-08-14T02:04:48,031135099-0700	540.036973	3953	4252	4364	2656	509233	167	796648	92684
509	P1	2026-08-14T02:04:48,771012015-0700	540.777942	3953	4252	4364	2656	509233	167	796660	92684
510	P1	2026-08-14T02:04:49,481973182-0700	541.492773	3953	4252	4364	2656	509233	167	797532	92684
511	P1	2026-08-14T02:04:50,215746098-0700	542.226500	3953	4252	4364	2656	509233	167	797220	92684
512	P1	2026-08-14T02:04:50,960683932-0700	542.968195	3953	4252	4364	2656	509233	167	796700	92684
513	P1	2026-08-14T02:04:51,602550765-0700	543.612180	3953	4252	4364	2656	509233	167	796588	92684
514	P1	2026-08-14T02:04:52,241817848-0700	544.252168	3953	4252	4364	2656	509233	167	797272	92684
515	P1	2026-08-14T02:04:52,998605014-0700	545.005569	3953	4252	4364	2656	509233	167	797704	92684
516	P1	2026-08-14T02:04:53,743217098-0700	545.747615	3953	4252	4364	2656	509233	167	798036	92684
517	P1	2026-08-14T02:04:54,471939681-0700	546.480380	3953	4252	4364	2656	509233	167	797720	92684
518	P1	2026-08-14T02:04:55,127217014-0700	547.134412	3953	4252	4364	2656	509233	167	797572	92684
519	P1	2026-08-14T02:04:55,865189180-0700	547.874131	3953	4252	4364	2656	509233	167	798092	92684
520	P1	2026-08-14T02:04:56,594427847-0700	548.598075	3953	4252	4364	2656	509233	167	798680	92684
521	P1	2026-08-14T02:04:57,284699680-0700	549.293428	3953	4252	4364	2656	509233	167	797556	92684
522	P1	2026-08-14T02:04:57,993692513-0700	550.003810	3953	4252	4364	2656	509233	167	797300	92684
523	P1	2026-08-14T02:04:58,698019346-0700	550.707434	3953	4252	4364	2656	509233	167	797204	92684
524	P1	2026-08-14T02:04:59,431238846-0700	551.440643	3953	4252	4364	2656	509233	167	797648	92684
525	P1	2026-08-14T02:05:00,178302179-0700	552.187391	3953	4252	4364	2656	509233	167	798552	92684
526	P1	2026-08-14T02:05:00,846546429-0700	552.853387	3953	4252	4364	2656	509233	167	798456	92684
527	P1	2026-08-14T02:05:01,561710762-0700	553.572048	3953	4252	4364	2656	509233	167	798480	92684
528	P1	2026-08-14T02:05:02,257038846-0700	554.267313	3953	4252	4364	2656	509233	167	798748	92684
529	P1	2026-08-14T02:05:02,979143845-0700	554.987656	3953	4252	4364	2656	509233	167	798828	92684
530	P1	2026-08-14T02:05:03,672314679-0700	555.681648	3953	4252	4364	2656	509233	167	798716	92684
531	P1	2026-08-14T02:05:04,286988845-0700	556.296246	3953	4252	4364	2656	509233	167	798196	92684
532	P1	2026-08-14T02:05:05,052713095-0700	557.062867	3953	4252	4364	2656	509233	167	797728	92684
533	P1	2026-08-14T02:05:05,721551678-0700	557.729676	3953	4252	4364	2656	509233	167	797908	92684
534	P1	2026-08-14T02:05:06,393659428-0700	558.399596	3953	4248	4364	2656	509234	167	798896	92684
535	P1	2026-08-14T02:05:07,114629344-0700	559.124893	3953	4248	4364	2656	509234	167	797064	92684
536	P1	2026-08-14T02:05:07,793779428-0700	559.801925	3953	4248	4364	2656	509234	167	797032	92684
537	P1	2026-08-14T02:05:08,455852511-0700	560.463287	3953	4248	4364	2656	509234	167	797404	92684
538	P1	2026-08-14T02:05:09,149716511-0700	561.160176	3953	4248	4364	2656	509234	167	795936	92684
539	P1	2026-08-14T02:05:09,853776510-0700	561.861442	3953	4248	4364	2656	509234	167	796692	92684
540	P1	2026-08-14T02:05:10,531004427-0700	562.536584	3953	4248	4364	2656	509234	167	796844	92684
541	P1	2026-08-14T02:05:11,231881260-0700	563.238993	3953	4248	4364	2656	509234	167	796988	92684
542	P1	2026-08-14T02:05:11,920502927-0700	563.929390	3953	4248	4364	2656	509234	167	797708	92684
543	P1	2026-08-14T02:05:12,648745676-0700	564.659689	3953	4248	4364	2656	509234	167	797308	92684
544	P1	2026-08-14T02:05:13,353577343-0700	565.362499	3953	4248	4364	2656	509234	167	797628	92684
545	P1	2026-08-14T02:05:14,026044926-0700	566.032976	3953	4248	4364	2656	509234	167	797932	92684
546	P1	2026-08-14T02:05:14,710040343-0700	566.715507	3953	4248	4364	2656	509234	167	796536	92684
547	P1	2026-08-14T02:05:15,383916926-0700	567.393436	3953	4248	4364	2656	509234	167	796684	92684
548	P1	2026-08-14T02:05:16,043122426-0700	568.047051	3953	4248	4364	2656	509234	167	796880	92684
549	P1	2026-08-14T02:05:16,726614592-0700	568.735803	3953	4248	4364	2656	509234	167	796284	92684
550	P1	2026-08-14T02:05:17,426074759-0700	569.436554	3953	4248	4364	2656	509234	167	796400	92684
551	P1	2026-08-14T02:05:18,205317008-0700	570.211371	3953	4248	4364	2656	509234	167	795972	92684
552	P1	2026-08-14T02:05:18,892895008-0700	570.901864	3953	4248	4364	2656	509234	167	795464	92684
553	P1	2026-08-14T02:05:19,642265591-0700	571.650027	3953	4248	4364	2656	509234	167	795408	92684
554	P1	2026-08-14T02:05:20,384370091-0700	572.394879	3953	4248	4364	2656	509234	167	796320	92684
555	P1	2026-08-14T02:05:21,062718758-0700	573.073239	3953	4248	4364	2656	509234	167	796760	92684
556	P1	2026-08-14T02:05:21,775478424-0700	573.780502	3953	4248	4364	2656	509234	167	797324	92684
557	P1	2026-08-14T02:05:22,527025257-0700	574.537421	3953	4248	4364	2656	509234	167	798140	92684
558	P1	2026-08-14T02:05:23,244331341-0700	575.253731	3953	4248	4364	2656	509234	167	796676	92684
559	P1	2026-08-14T02:05:23,882513757-0700	575.893649	3953	4248	4364	2656	509234	167	797388	92684
560	P1	2026-08-14T02:05:24,524839507-0700	576.529587	3953	4248	4364	2656	509234	167	798028	92684
561	P1	2026-08-14T02:05:25,233263090-0700	577.242778	3953	4248	4364	2656	509234	167	796556	92684
562	P1	2026-08-14T02:05:25,944584590-0700	577.951189	3953	4248	4364	2656	509234	167	796912	92684
563	P1	2026-08-14T02:05:26,671972340-0700	578.680965	3953	4248	4364	2656	509234	167	796432	92684
564	P1	2026-08-14T02:05:27,391082923-0700	579.400349	3953	4248	4364	2656	509234	167	795088	92684
565	P1	2026-08-14T02:05:28,125971173-0700	580.129988	3953	4248	4364	2656	509234	167	795816	92684
566	P1	2026-08-14T02:05:28,811265923-0700	580.820039	3953	4248	4364	2656	509234	167	795584	92684
567	P1	2026-08-14T02:05:29,532723339-0700	581.541856	3953	4248	4364	2656	509234	167	794760	92684
568	P1	2026-08-14T02:05:30,216439339-0700	582.224678	3953	4248	4364	2656	509234	167	795288	92684
569	P1	2026-08-14T02:05:30,856573422-0700	582.865050	3953	4248	4364	2656	509234	167	794952	92684
570	P1	2026-08-14T02:05:31,545177089-0700	583.549382	3953	4248	4364	2656	509234	167	795368	92684
571	P1	2026-08-14T02:05:32,243789172-0700	584.254173	3953	4248	4364	2656	509234	167	793964	92684
572	P1	2026-08-14T02:05:33,015524922-0700	585.024268	3953	4248	4364	2656	509234	167	793432	92684
573	P1	2026-08-14T02:05:33,772069838-0700	585.780672	3953	4248	4364	2656	509234	167	793480	92684
574	P1	2026-08-14T02:05:34,464178588-0700	586.473440	3953	4248	4364	2656	509234	167	793852	92684
575	P1	2026-08-14T02:05:35,134286504-0700	587.141984	3953	4248	4364	2656	509234	167	794128	92684
576	P1	2026-08-14T02:05:35,835197504-0700	587.843437	3953	4248	4364	2656	509234	167	793136	92684
577	P1	2026-08-14T02:05:36,562155671-0700	588.572359	3953	4248	4364	2656	509234	167	793412	92684
578	P1	2026-08-14T02:05:37,253650171-0700	589.261839	3953	4248	4364	2656	509234	167	793324	92684
579	P1	2026-08-14T02:05:37,944731920-0700	589.950899	3953	4248	4364	2656	509234	167	793836	92684
580	P1	2026-08-14T02:05:38,639712004-0700	590.646782	3953	4248	4364	2656	509234	167	793676	92684
581	P1	2026-08-14T02:05:39,256941087-0700	591.265466	3953	4248	4364	2656	509234	167	793592	92684
582	P1	2026-08-14T02:05:39,996952253-0700	591.999939	3953	4248	4364	2656	509234	167	793368	92684
583	P1	2026-08-14T02:05:40,666876836-0700	592.675675	3953	4248	4364	2656	509234	167	794320	92684
584	P1	2026-08-14T02:05:41,362668170-0700	593.372590	3953	4248	4364	2656	509234	167	794656	92684
585	P1	2026-08-14T02:05:42,060076336-0700	594.062140	3953	4248	4364	2656	509234	167	794120	92684
586	P1	2026-08-14T02:05:42,769031586-0700	594.776776	3953	4248	4364	2656	509234	167	793692	92684
587	P1	2026-08-14T02:05:43,432282919-0700	595.443196	3953	4248	4364	2656	509234	167	793112	92684
588	P1	2026-08-14T02:05:44,178747169-0700	596.185677	3953	4248	4364	2656	509234	167	793652	92684
589	P1	2026-08-14T02:05:44,862126752-0700	596.871299	3953	4248	4364	2656	509234	167	793512	92684
590	P1	2026-08-14T02:05:45,553470335-0700	597.561643	3953	4248	4364	2656	509234	167	793192	92684
591	P1	2026-08-14T02:05:46,260056418-0700	598.264110	3953	4248	4364	2656	509234	167	793416	92684
592	P1	2026-08-14T02:05:46,948479585-0700	598.952232	3953	4248	4364	2656	509234	167	794260	92684
593	P1	2026-08-14T02:05:47,662543168-0700	599.669336	3953	4248	4364	2656	509234	167	793756	92684
594	P1	2026-08-14T02:05:48,419767168-0700	600.429679	3953	4248	4364	2656	509234	167	793068	92684
595	P1	2026-08-14T02:05:49,095347751-0700	601.098141	3953	4248	4364	2656	509234	167	792708	92684
596	P1	2026-08-14T02:05:49,779422418-0700	601.790106	3953	4248	4364	2656	509234	167	792736	92684
597	P1	2026-08-14T02:05:50,514321001-0700	602.525082	3953	4248	4364	2656	509234	167	792628	92684
598	P1	2026-08-14T02:05:51,199372334-0700	603.209427	3953	4248	4364	2656	509234	167	792884	92684
599	P1	2026-08-14T02:05:51,955494084-0700	603.962171	3953	4248	4364	2656	509234	167	793112	92684
600	P1	2026-08-14T02:05:52,628389750-0700	604.635500	3953	4248	4364	2656	509234	167	793404	92684
601	P1	2026-08-14T02:05:53,430014667-0700	605.432055	3953	4248	4364	2656	509234	167	793124	92684
602	P1	2026-08-14T02:05:54,103438333-0700	606.112482	3953	4248	4364	2656	509234	167	793048	92684
603	P1	2026-08-14T02:05:54,839310166-0700	606.846407	3953	4248	4364	2656	509234	167	792176	92684
604	P1	2026-08-14T02:05:55,516078166-0700	607.525372	3953	4248	4364	2656	509234	167	793684	92684
605	P1	2026-08-14T02:05:56,149663583-0700	608.160401	3953	4248	4364	2656	509234	167	793632	92684
606	P1	2026-08-14T02:05:56,856256999-0700	608.863370	3953	4248	4364	2656	509234	167	794928	92684
607	P1	2026-08-14T02:05:57,565119416-0700	609.572067	3953	4248	4364	2656	509234	167	793220	92684
608	P1	2026-08-14T02:05:58,296647249-0700	610.303783	3953	4248	4364	2656	509234	167	792728	92684
609	P1	2026-08-14T02:05:58,992482665-0700	610.995959	3953	4248	4364	2656	509234	167	794124	92684
610	P1	2026-08-14T02:05:59,636391832-0700	611.645684	3953	4248	4364	2656	509234	167	793104	92684
611	P1	2026-08-14T02:06:00,362473498-0700	612.372201	3953	4248	4364	2656	509234	167	793080	92684
612	P1	2026-08-14T02:06:01,030215332-0700	613.039665	3953	4248	4364	2656	509234	167	793176	92684
613	P1	2026-08-14T02:06:01,707426248-0700	613.713328	3953	4248	4364	2656	509234	167	793480	92684
614	P1	2026-08-14T02:06:02,431684248-0700	614.438853	3953	4248	4364	2656	509234	167	792684	92684
615	P1	2026-08-14T02:06:03,176103081-0700	615.181153	3953	4248	4364	2656	509234	167	792700	92684
616	P1	2026-08-14T02:06:04,012226831-0700	616.021990	3953	4248	4364	2656	509234	167	792152	92684
617	P1	2026-08-14T02:06:05,011901414-0700	617.022633	3953	4248	4364	2656	509234	167	792216	92684
618	P1	2026-08-14T02:06:06,015403414-0700	618.025582	3953	4248	4364	2656	509234	167	792224	92684
619	P1	2026-08-14T02:06:07,008164163-0700	619.014541	3953	4248	4364	2656	509234	167	793024	92684
620	P1	2026-08-14T02:06:08,020730747-0700	620.028356	3953	4248	4364	2656	509234	167	792912	92684
621	P1	2026-08-14T02:06:09,014928080-0700	621.023810	3953	4248	4364	2656	509234	167	792736	92684
622	P1	2026-08-14T02:06:10,023647913-0700	622.026046	3953	4248	4364	2656	509234	167	793020	92684
623	P1	2026-08-14T02:06:11,015754412-0700	623.022889	3953	4248	4364	2656	509234	167	792676	92684
624	P1	2026-08-14T02:06:12,010291246-0700	624.015133	3953	4248	4364	2656	509234	167	794716	92684
625	P1	2026-08-14T02:06:13,010359995-0700	625.020575	3953	4248	4364	2656	509234	167	793120	92684
626	P1	2026-08-14T02:06:14,010223162-0700	626.019227	3953	4248	4364	2656	509234	167	792968	92684
627	P1	2026-08-14T02:06:15,025083578-0700	627.030361	3953	4248	4364	2656	509234	167	794092	92684
628	P1	2026-08-14T02:06:16,013068245-0700	628.021674	3953	4248	4364	2656	509234	167	794260	92684
629	P1	2026-08-14T02:06:17,012909494-0700	629.022034	3953	4248	4364	2656	509234	167	792812	92684
630	P1	2026-08-14T02:06:18,026058161-0700	630.035404	3953	4248	4364	2656	509234	167	793288	92684
631	P1	2026-08-14T02:06:19,012155744-0700	631.021956	3953	4248	4364	2656	509234	167	793948	92684
632	P1	2026-08-14T02:06:20,007485244-0700	632.016833	3953	4248	4364	2656	509234	167	793636	92684
633	P1	2026-08-14T02:06:21,019568910-0700	633.025299	3953	4248	4364	2656	509234	167	793228	92684
634	P1	2026-08-14T02:06:22,014902993-0700	634.025136	3953	4248	4364	2656	509234	167	794016	92684
635	P1	2026-08-14T02:06:23,013958326-0700	635.019647	3953	4248	4364	2656	509234	167	793884	92684
636	P1	2026-08-14T02:06:24,009963826-0700	636.020698	3953	4248	4364	2656	509234	167	794464	92684
637	P1	2026-08-14T02:06:25,020088242-0700	637.027472	3953	4248	4364	2656	509234	167	793840	92684
638	P1	2026-08-14T02:06:26,015559909-0700	638.026485	3953	4248	4364	2656	509234	167	794860	92684
639	P1	2026-08-14T02:06:27,016161075-0700	639.027014	3953	4248	4364	2656	509234	167	795188	92684
640	P1	2026-08-14T02:06:28,014379742-0700	640.022803	3953	4248	4364	2656	509234	167	794236	92684
641	P1	2026-08-14T02:06:29,013606492-0700	641.021305	3953	4248	4364	2656	509234	167	794220	92684
642	P1	2026-08-14T02:06:30,014623575-0700	642.025124	3953	4248	4364	2656	509234	167	797700	92684
643	P1	2026-08-14T02:06:31,014138491-0700	643.021946	3953	4248	4364	2656	509234	167	797840	92684
644	P1	2026-08-14T02:06:32,015732824-0700	644.024261	3953	4248	4364	2656	509234	167	798672	92684
645	P1	2026-08-14T02:06:33,007317241-0700	645.015232	3953	4248	4364	2656	509234	167	799696	92684
646	P1	2026-08-14T02:06:34,010059490-0700	646.017671	3953	4248	4364	2656	509234	167	800052	92684
647	P1	2026-08-14T02:06:35,012283407-0700	647.020945	3953	4248	4364	2656	509234	167	799876	92684
648	P1	2026-08-14T02:06:36,021020157-0700	648.028991	3953	4248	4364	2656	509234	167	799628	92684
649	P1	2026-08-14T02:06:37,013171823-0700	649.023037	3953	4248	4364	2656	509234	167	799008	92684
650	P1	2026-08-14T02:06:38,011734156-0700	650.017950	3953	4248	4364	2656	509234	167	800000	92684
651	P1	2026-08-14T02:06:39,011894072-0700	651.018647	3953	4248	4364	2656	509234	167	799776	92684
652	P1	2026-08-14T02:06:40,015897239-0700	652.026797	3953	4248	4364	2656	509234	167	800596	92684
653	P1	2026-08-14T02:06:41,011468405-0700	653.017263	3953	4248	4364	2656	509234	167	800116	92684
654	P1	2026-08-14T02:06:42,009998988-0700	654.020261	3953	4248	4364	2656	509234	167	800680	92684
655	P1	2026-08-14T02:06:43,012127905-0700	655.021340	3953	4248	4364	2656	509234	167	800852	92684
656	P1	2026-08-14T02:06:44,011946655-0700	656.020249	3953	4248	4364	2656	509234	167	801244	92684
657	P1	2026-08-14T02:06:45,015181404-0700	657.021920	3953	4248	4364	2656	509234	167	801084	92684
658	P1	2026-08-14T02:06:46,022344571-0700	658.028421	3953	4248	4364	2656	509234	167	801016	92684
659	P1	2026-08-14T02:06:47,015899904-0700	659.026885	3953	4248	4364	2656	509234	167	801396	92684
