sample	epoch_ns	pid	starttime_ticks	glibc_heap_pd_kb	other_anon_pd_kb	total_pd_kb
0	1788503217976123386	505	1468	3220	1692	4912
1	1788503219056430867	505	1468	3220	1692	4912
2	1788503220129366533	505	1468	3220	1692	4912
3	1788503221207938069	505	1468	3220	1692	4912
4	1788503222284947884	505	1468	3220	1692	4912
5	1788503223363342327	505	1468	3220	1692	4912
6	1788503224443761605	505	1468	3220	1692	4912
7	1788503225521218493	505	1468	3220	1692	4912
8	1788503226597521992	505	1468	3220	1692	4912
9	1788503227681573325	505	1468	3220	1692	4912
10	1788503228762323787	505	1468	3220	1692	4912
11	1788503229841793935	505	1468	3220	1692	4912
12	1788503230917715156	505	1468	3220	1692	4912
13	1788503231998362933	505	1468	3220	1692	4912
14	1788503233078032933	505	1468	3220	1692	4912
15	1788503234156909284	505	1468	3220	1692	4912
16	1788503235234371172	505	1468	3220	1692	4912
17	1788503236314261097	505	1468	3220	1692	4912
18	1788503237393559578	505	1468	3220	1692	4912
19	1788503238471917874	505	1468	3220	1692	4912
20	1788503239546683707	505	1468	3220	1692	4912
21	1788503240624391613	505	1468	3220	1692	4912
22	1788503241701496446	505	1468	3220	1692	4912
23	1788503242778164464	505	1468	3220	1692	4912
24	1788503243856993371	505	1468	3220	1692	4912
25	1788503244934194722	505	1468	3220	1692	4912
26	1788503246006816536	505	1468	3220	1692	4912
27	1788503247085243313	505	1468	3220	1692	4912
28	1788503248160242665	505	1468	3220	1692	4912
29	1788503249236634812	505	1468	3220	1692	4912
30	1788503250308276997	505	1468	3220	1692	4912
31	1788503251384066737	505	1468	3220	1692	4912
32	1788503252464845773	505	1468	3220	1692	4912
33	1788503253543328476	505	1468	3220	1692	4912
34	1788503254621535124	505	1468	3220	1692	4912
35	1788503255693231808	505	1468	3220	1692	4912
36	1788503256770631474	505	1468	3220	1692	4912
37	1788503257847905733	505	1468	3220	1692	4912
38	1788503258925606065	505	1468	3220	1692	4912
39	1788503260005269232	505	1468	3220	1692	4912
40	1788503261085138490	505	1468	3220	1692	4912
41	1788503262163227841	505	1468	3220	1692	4912
42	1788503263242950952	505	1468	3220	1692	4912
43	1788503264321165803	505	1468	3220	1692	4912
44	1788503265397560006	505	1468	3220	1692	4912
45	1788503266473386468	505	1468	3220	1692	4912
46	1788503267547993986	505	1468	3220	1692	4912
47	1788503268625758134	505	1468	3220	1692	4912
48	1788503269702488059	505	1468	3220	1692	4912
49	1788503270782318762	505	1468	3220	1692	4912
50	1788503271859696724	505	1468	3220	1692	4912
51	1788503272938497483	505	1468	3220	1692	4912
52	1788503274017233668	505	1468	3220	1692	4912
53	1788503275095182315	505	1468	3220	1692	4912
54	1788503276169580981	505	1468	3220	1692	4912
55	1788503277246673758	505	1468	3220	1692	4912
56	1788503278324921980	505	1468	3220	1692	4912
57	1788503279402979127	505	1468	3220	1692	4912
58	1788503280479207775	505	1468	3220	1692	4912
59	1788503281555829645	505	1468	3220	1692	4912
60	1788503282633613274	505	1468	3220	1692	4912
