target	sample	timestamp	old_pid	new_pid
AppProcD	0	2026-08-13T23:19:07,757228133-0700	NA	424
ServiceE	0	2026-08-13T23:19:07,757228133-0700	NA	404
AppProcB	0	2026-08-13T23:19:07,757228133-0700	NA	896
ServiceH	0	2026-08-13T23:19:07,757228133-0700	NA	2869
ServiceH	35	2026-08-13T23:20:17,773943866-0700	2869	NA
ServiceH	38	2026-08-13T23:20:23,767681782-0700	NA	719
cynara	0	2026-08-13T23:19:07,757228133-0700	NA	205
AppProcA	0	2026-08-13T23:19:07,757228133-0700	NA	2724
systemd	0	2026-08-13T23:19:07,757228133-0700	NA	1
enlightenment	0	2026-08-13T23:19:07,757228133-0700	NA	258
buxton2d_worker	0	2026-08-13T23:19:07,757228133-0700	NA	229
ServiceD	0	2026-08-13T23:19:07,757228133-0700	NA	1037
